{
  "l1": 0.09440714120864868,
  "ssim": 0.7087638296537487,
  "lpips": 0.185491827757735,
  "inference_ms": 0.8871440700022504,
  "checkpoint": "runs/exp4_sd/ckpt_best.pt",
  "epoch": 18
}